{"cameraMode":{"drawMode":0,"name":"Shaded","section":"Shading Mode"},"sceneLighting":false,"audioPlay":false,"sceneViewState":{"m_AlwaysRefresh":false,"showFog":true,"showSkybox":false,"showFlares":true,"showImageEffects":true,"showParticleSystems":true,"showVisualEffectGraphs":true,"m_FxEnabled":true},"in2DMode":false,"pivot":{"x":0.0008716583251953125,"y":-0.0217742919921875,"z":-0.24807262420654298},"rotation":{"x":0.050198499113321307,"y":-0.9362031817436218,"z":0.1495353728532791,"w":0.3140512704849243},"size":6.426385879516602,"orthographic":true}