{"cameraMode":{"drawMode":0,"name":"Shaded","section":"Shading Mode"},"sceneLighting":false,"audioPlay":false,"sceneViewState":{"m_AlwaysRefresh":false,"showFog":true,"showSkybox":false,"showFlares":true,"showImageEffects":true,"showParticleSystems":true,"showVisualEffectGraphs":true,"m_FxEnabled":true},"in2DMode":false,"pivot":{"x":-0.0021085739135742189,"y":1.2430758476257325,"z":-0.6628365516662598},"rotation":{"x":-0.022456523030996324,"y":0.9588809013366699,"z":-0.07928764820098877,"w":-0.2715824246406555},"size":2.2523040771484377,"orthographic":false}